year,team,qb,rb,wr,te,ol,dt,de,lb,cb,s
2026,ARI,32,6,20,2,16,22,27,30,31,26
2025,ARI,13,14,29,8,25,2,20,29,28,3
2024,ARI,17,20,21,13,31,31,30,29,32,8
2023,ARI,22,26,22,7,27,32,31,27,32,7
2022,ARI,10,23,4,6,19,16,28,18,30,11
2021,ARI,9,25,32,12,8,8,16,30,15,15
2020,ARI,13,22,3,30,29,31,17,10,24,28
2026,ATL,30,4,13,10,12,24,31,21,27,5
2025,ATL,18,2,18,22,9,27,28,19,22,11
2024,ATL,13,3,24,11,3,4,26,19,29,2
2023,ATL,32,2,32,6,8,3,30,26,28,9
2022,ATL,31,32,31,8,27,21,32,29,11,31
2021,ATL,14,30,6,26,13,13,9,25,25,25
2020,ATL,10,19,6,25,20,10,24,12,23,16
2026,BAL,4,11,25,17,9,2,16,15,16,1
2025,BAL,1,5,13,1,6,11,22,13,1,5
2024,BAL,3,7,25,2,18,6,25,13,16,1
2023,BAL,6,25,16,2,6,24,23,10,24,4
2022,BAL,11,28,32,1,7,11,16,31,6,3
2021,BAL,6,32,9,9,5,5,25,8,16,16
2020,BAL,4,11,30,5,4,4,27,18,2,25
2026,BUF,1,9,27,12,4,17,13,31,15,16
2025,BUF,2,15,22,13,11,15,16,14,7,30
2024,BUF,2,23,28,3,23,19,24,17,9,25
2023,BUF,2,21,21,10,22,9,8,17,8,1
2022,BUF,4,24,12,13,11,19,7,7,10,1
2021,BUF,5,28,28,20,27,27,13,12,2,2
2020,BUF,23,16,13,24,16,21,16,8,13,2
2026,CAR,23,30,23,26,22,8,28,20,14,20
2025,CAR,23,28,23,27,19,14,29,31,16,27
2024,CAR,25,27,17,32,11,16,21,8,26,16
2023,CAR,25,23,28,21,21,16,22,2,19,11
2022,CAR,25,5,20,31,22,22,25,13,22,17
2021,CAR,31,3,29,30,20,20,20,19,26,26
2020,CAR,30,3,11,26,15,12,26,23,32,22
2026,CHI,12,24,24,6,3,29,22,8,9,21
2025,CHI,20,21,7,6,3,18,24,11,8,8
2024,CHI,24,16,6,10,14,27,20,5,7,11
2023,CHI,16,27,13,16,13,30,29,3,27,16
2022,CHI,24,21,29,18,31,27,29,14,29,30
2021,CHI,27,13,13,24,11,11,10,31,18,18
2020,CHI,32,31,25,16,23,20,7,11,16,15
2026,CIN,5,18,1,31,30,6,26,29,12,19
2025,CIN,4,27,1,19,31,19,9,22,29,25
2024,CIN,4,30,7,29,10,18,10,9,24,14
2023,CIN,3,18,1,29,18,7,13,11,13,30
2022,CIN,7,13,1,22,13,10,10,19,16,2
2021,CIN,19,14,25,28,17,17,30,18,4,4
2020,CIN,25,10,4,28,32,7,12,22,26,17
2026,CLE,31,20,30,14,28,20,10,6,28,9
2025,CLE,31,26,25,10,24,24,13,24,20,29
2024,CLE,21,25,20,8,2,15,2,7,3,6
2023,CLE,9,8,18,13,2,15,4,18,4,15
2022,CLE,23,1,27,17,3,32,2,12,2,13
2021,CLE,11,1,8,1,26,26,28,4,9,9
2020,CLE,19,1,5,7,8,19,4,29,14,20
2026,DAL,9,15,4,16,13,11,21,26,19,7
2025,DAL,11,32,9,16,17,22,12,28,19,18
2024,DAL,6,32,11,17,17,23,3,25,6,13
2023,DAL,10,17,5,23,5,27,3,25,3,5
2022,DAL,8,7,18,11,20,31,15,2,15,20
2021,DAL,7,9,18,5,32,32,7,26,21,21
2020,DAL,7,4,1,29,6,23,9,2,18,29
2026,DEN,13,23,11,29,1,10,19,22,7,12
2025,DEN,17,29,31,12,2,7,23,4,13,6
2024,DEN,28,26,26,24,8,11,28,26,18,31
2023,DEN,14,24,15,22,10,13,27,14,12,6
2022,DEN,9,6,15,26,14,23,20,23,8,8
2021,DEN,30,11,11,19,18,18,11,1,1,1
2020,DEN,28,9,16,15,17,8,30,15,19,5
2026,DET,17,5,5,3,17,18,9,2,25,6
2025,DET,10,1,8,9,16,23,7,5,12,1
2024,DET,14,2,22,5,1,3,19,15,5,30
2023,DET,18,3,23,24,3,25,10,23,23,22
2022,DET,28,16,19,10,4,29,21,32,31,26
2021,DET,24,19,10,10,25,25,18,29,32,32
2020,DET,12,27,9,14,18,25,21,19,6,11
2026,GB,6,12,26,8,25,25,18,14,21,4
2025,GB,15,7,17,15,10,21,27,17,27,2
2024,GB,12,12,18,15,13,8,11,28,14,20
2023,GB,29,6,29,26,12,17,15,8,5,27
2022,GB,1,8,30,29,8,5,14,9,1,7
2021,GB,2,10,16,17,16,16,31,10,3,3
2020,GB,9,7,26,27,3,16,14,30,22,7
2026,HOU,21,27,17,19,32,19,3,9,1,25
2025,HOU,16,13,15,17,29,28,4,21,2,4
2024,HOU,8,19,1,16,28,29,4,21,20,15
2023,HOU,26,16,31,15,17,23,20,16,9,18
2022,HOU,30,31,28,30,29,28,24,25,19,32
2021,HOU,32,27,27,25,31,31,17,24,28,28
2020,HOU,5,17,10,21,22,30,10,5,29,26
2026,IND,20,1,29,5,19,14,14,32,8,23
2025,IND,30,6,16,18,15,3,19,26,11,19
2024,IND,19,8,16,20,4,1,18,27,22,26
2023,IND,27,32,24,27,15,6,26,9,30,32
2022,IND,16,2,23,25,12,8,19,3,14,24
2021,IND,26,7,22,4,7,7,6,9,24,24
2020,IND,15,14,21,12,1,9,13,4,17,13
2026,JAX,16,32,15,15,23,31,5,11,10,24
2025,JAX,22,24,14,25,32,25,6,3,21,23
2024,JAX,16,15,14,6,30,13,12,3,11,29
2023,JAX,8,14,12,12,31,22,16,13,21,23
2022,JAX,18,19,22,16,26,25,18,22,13,28
2021,JAX,17,21,31,22,29,29,19,15,29,29
2020,JAX,31,32,19,23,26,28,18,20,27,32
2026,KC,3,10,19,11,24,15,20,5,26,15
2025,KC,3,31,11,4,14,12,25,10,9,31
2024,KC,1,17,15,1,7,5,23,10,21,24
2023,KC,1,22,26,1,4,19,25,7,7,26
2022,KC,2,27,25,2,2,9,22,11,21,19
2021,KC,1,22,1,18,23,23,27,22,17,17
2020,KC,1,18,7,3,13,13,25,24,28,6
2026,LAC,10,17,28,20,10,23,7,27,30,3
2025,LAC,7,17,12,30,13,31,14,27,26,7
2024,LAC,10,29,30,22,15,32,5,31,28,10
2023,LAC,5,9,6,25,9,29,2,19,6,20
2022,LAC,6,9,6,24,5,26,1,16,7,10
2021,LAC,12,12,23,14,22,22,24,20,20,20
2020,LAC,29,23,17,10,30,26,2,17,5,21
2026,LAR,2,16,2,30,5,5,4,25,2,11
2025,LAR,12,18,4,21,7,9,8,32,25,13
2024,LAR,7,14,10,26,19,25,22,32,19,22
2023,LAR,15,29,25,20,30,11,32,32,31,29
2022,LAR,5,17,9,14,21,1,23,6,12,22
2021,LAR,10,26,17,11,2,2,32,3,27,27
2020,LAR,22,28,15,8,24,3,32,32,10,14
2026,LV,29,7,31,1,21,32,8,17,24,17
2025,LV,24,11,32,3,18,30,5,23,31,26
2024,LV,31,31,19,7,12,9,7,20,30,17
2023,LV,20,12,7,18,14,31,7,31,26,28
2022,LV,13,22,10,4,30,30,4,10,26,14
2021,LV,13,8,7,23,21,21,8,23,30,30
2020,LV,18,15,31,9,12,22,22,6,21,19
2026,MIA,27,8,32,32,27,26,32,7,32,32
2025,MIA,14,8,6,24,30,16,10,8,32,22
2024,MIA,15,9,4,25,26,12,9,16,2,3
2023,MIA,11,28,3,32,20,4,6,5,11,13
2022,MIA,21,29,3,12,17,13,17,24,4,16
2021,MIA,21,29,15,29,14,14,26,2,31,31
2020,MIA,24,29,28,19,31,24,19,31,3,31
2026,MIN,26,29,3,7,11,12,15,10,13,30
2025,MIN,27,22,5,5,4,5,3,18,24,10
2024,MIN,32,24,9,12,20,26,13,24,15,4
2023,MIN,12,30,8,4,7,21,12,24,29,24
2022,MIN,12,3,5,20,24,17,8,8,23,15
2021,MIN,15,2,20,27,6,6,2,11,8,8
2020,MIN,14,5,23,6,28,32,3,7,25,1
2026,NE,11,19,9,13,14,13,25,12,6,2
2025,NE,19,19,26,11,20,10,18,15,6,9
2024,NE,27,18,32,9,16,28,29,11,17,9
2023,NE,28,11,27,9,11,20,14,15,14,14
2022,NE,14,11,24,5,10,18,30,27,24,4
2021,NE,29,16,3,6,19,19,22,6,10,10
2020,NE,20,21,27,31,9,29,23,27,1,12
2026,NO,25,14,7,23,20,27,12,16,11,14
2025,NO,32,9,20,31,22,29,15,7,30,12
2024,NO,22,10,27,18,29,30,6,6,8,19
2023,NO,17,13,17,19,19,28,19,6,10,2
2022,NO,22,10,8,28,15,24,3,4,5,6
2021,NO,22,5,24,2,30,30,4,13,6,6
2020,NO,3,6,8,13,2,18,5,9,4,4
2026,NYG,19,22,12,24,18,30,2,23,29,22
2025,NYG,25,25,21,28,28,6,2,16,17,16
2024,NYG,30,28,23,31,22,24,14,18,25,32
2023,NYG,13,10,30,5,26,1,24,20,22,25
2022,NYG,27,12,21,32,23,3,26,30,27,29
2021,NYG,23,6,12,31,4,4,21,5,11,11
2020,NYG,21,2,18,11,21,5,29,26,20,23
2026,NYJ,28,13,8,21,15,7,30,1,17,10
2025,NYJ,29,16,28,32,21,17,21,6,3,20
2024,NYJ,5,5,13,23,6,21,15,4,1,27
2023,NYJ,7,5,20,17,25,14,11,22,1,21
2022,NYJ,26,20,13,19,16,20,12,28,20,23
2021,NYJ,28,31,30,21,12,12,15,32,12,12
2020,NYJ,26,20,29,20,19,14,31,21,31,18
2026,PHI,14,2,21,9,2,4,11,3,4,31
2025,PHI,5,3,2,14,1,13,31,2,4,21
2024,PHI,11,6,5,19,5,22,17,30,12,21
2023,PHI,4,19,4,11,1,18,5,30,2,31
2022,PHI,17,30,11,9,1,4,9,17,3,27
2021,PHI,25,24,4,8,10,10,29,16,13,13
2020,PHI,8,24,22,1,5,1,20,28,11,30
2026,PIT,22,25,10,25,29,3,1,28,3,18
2025,PIT,26,30,30,2,26,8,1,12,5,15
2024,PIT,23,11,31,14,27,7,1,14,23,7
2023,PIT,23,15,14,8,16,8,1,21,18,10
2022,PIT,29,14,16,15,32,6,5,21,28,12
2021,PIT,16,18,19,32,1,1,14,27,5,5
2020,PIT,11,26,14,18,11,2,6,16,7,10
2026,SEA,18,26,6,18,8,1,24,24,5,8
2025,SEA,21,10,19,26,27,1,17,25,10,14
2024,SEA,18,4,3,21,32,2,16,12,10,28
2023,SEA,19,7,2,14,23,26,28,4,15,8
2022,SEA,32,26,7,7,28,15,31,26,32,9
2021,SEA,4,20,21,16,24,24,5,28,7,7
2020,SEA,2,13,12,17,25,27,28,1,12,3
2026,SF,7,3,16,4,6,28,6,4,23,29
2025,SF,8,4,27,7,12,32,11,9,23,28
2024,SF,9,1,2,4,24,14,8,2,13,18
2023,SF,24,1,10,3,24,2,17,1,25,12
2022,SF,19,25,14,3,18,7,6,1,18,25
2021,SF,18,23,2,7,28,28,3,17,22,22
2020,SF,16,25,24,2,10,15,1,14,8,9
2026,TB,15,21,18,27,7,9,17,18,18,13
2025,TB,9,12,3,23,8,20,26,20,14,17
2024,TB,20,22,12,30,25,17,32,23,27,5
2023,TB,31,31,11,28,29,12,18,12,16,17
2022,TB,3,18,2,27,9,12,13,5,9,18
2021,TB,3,15,5,3,9,9,1,14,23,23
2020,TB,6,12,2,4,14,6,15,3,15,27
2026,TEN,24,28,14,22,26,16,23,13,20,27
2025,TEN,28,23,24,29,5,4,30,30,18,24
2024,TEN,29,21,8,27,9,20,27,22,4,12
2023,TEN,21,4,19,31,32,10,21,29,20,3
2022,TEN,15,4,26,21,25,14,27,15,25,5
2021,TEN,8,4,26,15,15,15,12,21,14,14
2020,TEN,17,8,20,22,7,17,11,13,9,8
2026,WAS,8,31,22,28,31,21,29,19,22,28
2025,WAS,6,20,10,20,23,26,32,1,15,32
2024,WAS,26,13,29,28,21,10,31,1,31,23
2023,WAS,30,20,9,30,28,5,9,28,17,19
2022,WAS,20,15,17,23,6,2,11,20,17,21
2021,WAS,20,17,14,13,3,3,23,7,19,19
2020,WAS,27,30,32,32,27,11,8,25,30,24
