draft_year,pick,team,pfr_player_name,position,target
2016,1,LAR,Jared Goff,QB,QB
2016,2,PHI,Carson Wentz,QB,QB
2016,3,LAC,Joey Bosa,DE,DL
2016,4,DAL,Ezekiel Elliott,RB,OTHER
2016,5,JAX,Jalen Ramsey,CB,DB
2016,6,BAL,Ronnie Stanley,T,OL
2016,7,SF,DeForest Buckner,DE,DL
2016,8,TEN,Jack Conklin,T,OL
2016,9,CHI,Leonard Floyd,OLB,DL
2016,10,NYG,Eli Apple,CB,DB
2016,11,TB,Vernon Hargreaves III,CB,DB
2016,12,NO,Sheldon Rankins,DT,DL
2016,13,MIA,Laremy Tunsil,T,OL
2016,14,LV,Karl Joseph,S,DB
2016,15,CLE,Corey Coleman,WR,WR
2016,16,DET,Taylor Decker,T,OL
2016,17,ATL,Keanu Neal,S,DB
2016,18,IND,Ryan Kelly,C,OL
2016,19,BUF,Shaq Lawson,DE,DL
2016,20,NYJ,Darron Lee,OLB,DL
2016,21,HOU,Will Fuller,WR,WR
2016,22,WSH,Josh Doctson,WR,WR
2016,23,MIN,Laquon Treadwell,WR,WR
2016,24,CIN,William Jackson III,CB,DB
2016,25,PIT,Artie Burns,CB,DB
2016,26,DEN,Paxton Lynch,QB,QB
2016,27,GB,Kenny Clark,DT,DL
2016,28,SF,Joshua Garnett,G,OL
2016,29,ARI,Robert Nkemdiche,DT,DL
2016,30,CAR,Vernon Butler,DT,DL
2016,31,SEA,Germain Ifedi,G,OL
2017,1,CLE,Myles Garrett,DE,DL
2017,2,CHI,Mitchell Trubisky,QB,QB
2017,3,SF,Solomon Thomas,DE,DL
2017,4,JAX,Leonard Fournette,RB,OTHER
2017,5,TEN,Corey Davis,WR,WR
2017,6,NYJ,Jamal Adams,S,DB
2017,7,LAC,Mike Williams,WR,WR
2017,8,CAR,Christian McCaffrey,RB,OTHER
2017,9,CIN,John Ross,WR,WR
2017,10,KC,Patrick Mahomes,QB,QB
2017,11,NO,Marshon Lattimore,CB,DB
2017,12,HOU,Deshaun Watson,QB,QB
2017,13,ARI,Haason Reddick,LB,OTHER
2017,14,PHI,Derek Barnett,DE,DL
2017,15,IND,Malik Hooker,S,DB
2017,16,BAL,Marlon Humphrey,CB,DB
2017,17,WSH,Jonathan Allen,DE,DL
2017,18,TEN,Adoree' Jackson,CB,DB
2017,19,TB,O.J. Howard,TE,OTHER
2017,20,DEN,Garett Bolles,T,OL
2017,21,DET,Jarrad Davis,LB,OTHER
2017,22,MIA,Charles Harris,OLB,DL
2017,23,NYG,Evan Engram,TE,OTHER
2017,24,LV,Gareon Conley,CB,DB
2017,25,CLE,Jabrill Peppers,S,DB
2017,26,ATL,Takkarist McKinley,DE,DL
2017,27,BUF,Tre'Davious White,CB,DB
2017,28,DAL,Taco Charlton,DE,DL
2017,29,CLE,David Njoku,TE,OTHER
2017,30,PIT,T.J. Watt,OLB,DL
2017,31,SF,Reuben Foster,LB,OTHER
2017,32,NO,Ryan Ramczyk,T,OL
2018,1,CLE,Baker Mayfield,QB,QB
2018,2,NYG,Saquon Barkley,RB,OTHER
2018,3,NYJ,Sam Darnold,QB,QB
2018,4,CLE,Denzel Ward,CB,DB
2018,5,DEN,Bradley Chubb,DE,DL
2018,6,IND,Quenton Nelson,G,OL
2018,7,BUF,Josh Allen,QB,QB
2018,8,CHI,Roquan Smith,ILB,OTHER
2018,9,SF,Mike McGlinchey,T,OL
2018,10,ARI,Josh Rosen,QB,QB
2018,11,MIA,Minkah Fitzpatrick,S,DB
2018,12,TB,Vita Vea,DT,DL
2018,13,WSH,Daron Payne,DT,DL
2018,14,NO,Marcus Davenport,DE,DL
2018,15,LV,Kolton Miller,T,OL
2018,16,BUF,Tremaine Edmunds,ILB,OTHER
2018,17,LAC,Derwin James,S,DB
2018,18,GB,Jaire Alexander,CB,DB
2018,19,DAL,Leighton Vander Esch,OLB,DL
2018,20,DET,Frank Ragnow,C,OL
2018,21,CIN,Billy Price,C,OL
2018,22,TEN,Rashaan Evans,ILB,OTHER
2018,23,NE,Isaiah Wynn,T,OL
2018,24,CAR,D.J. Moore,WR,WR
2018,25,BAL,Hayden Hurst,TE,OTHER
2018,26,ATL,Calvin Ridley,WR,WR
2018,27,SEA,Rashaad Penny,RB,OTHER
2018,28,PIT,Terrell Edmunds,S,DB
2018,29,JAX,Taven Bryan,DT,DL
2018,30,MIN,Mike Hughes,CB,DB
2018,31,NE,Sony Michel,RB,OTHER
2018,32,BAL,Lamar Jackson,QB,QB
2019,1,ARI,Kyler Murray,QB,QB
2019,2,SF,Nick Bosa,DE,DL
2019,3,NYJ,Quinnen Williams,DT,DL
2019,4,LV,Clelin Ferrell,DE,DL
2019,5,TB,Devin White,LB,OTHER
2019,6,NYG,Daniel Jones,QB,QB
2019,7,JAX,Josh Hines-Allen,LB,OTHER
2019,8,DET,T.J. Hockenson,TE,OTHER
2019,9,BUF,Ed Oliver,DT,DL
2019,10,PIT,Devin Bush Jr.,LB,OTHER
2019,11,CIN,Jonah Williams,G,OL
2019,12,GB,Rashan Gary,LB,OTHER
2019,13,MIA,Christian Wilkins,DT,DL
2019,14,ATL,Chris Lindstrom,G,OL
2019,15,WSH,Dwayne Haskins,QB,QB
2019,16,CAR,Brian Burns,DE,DL
2019,17,NYG,Dexter Lawrence,DT,DL
2019,18,MIN,Garrett Bradbury,C,OL
2019,19,TEN,Jeffery Simmons,DT,DL
2019,20,DEN,Noah Fant,TE,OTHER
2019,21,GB,Darnell Savage Jr.,S,DB
2019,22,PHI,Andre Dillard,T,OL
2019,23,HOU,Tytus Howard,T,OL
2019,24,LV,Josh Jacobs,RB,OTHER
2019,25,BAL,Marquise Brown,WR,WR
2019,26,WSH,Montez Sweat,DE,DL
2019,27,LV,Johnathan Abram,S,DB
2019,28,LAC,Jerry Tillery,DT,DL
2019,29,SEA,L.J. Collier,DE,DL
2019,30,NYG,Deandre Baker,CB,DB
2019,31,ATL,Kaleb McGary,T,OL
2019,32,NE,N'Keal Harry,WR,WR
2020,1,CIN,Joe Burrow,QB,QB
2020,2,WSH,Chase Young,DE,DL
2020,3,DET,Jeff Okudah,CB,DB
2020,4,NYG,Andrew Thomas,T,OL
2020,5,MIA,Tua Tagovailoa,QB,QB
2020,6,LAC,Justin Herbert,QB,QB
2020,7,CAR,Derrick Brown,DT,DL
2020,8,ARI,Isaiah Simmons,LB,OTHER
2020,9,JAX,C.J. Henderson,CB,DB
2020,10,CLE,Jedrick Wills Jr.,T,OL
2020,11,NYJ,Mekhi Becton,T,OL
2020,12,LV,Henry Ruggs III,WR,WR
2020,13,TB,Tristan Wirfs,T,OL
2020,14,SF,Javon Kinlaw,DT,DL
2020,15,DEN,Jerry Jeudy,WR,WR
2020,16,ATL,AJ Terrell,CB,DB
2020,17,DAL,CeeDee Lamb,WR,WR
2020,18,MIA,Austin Jackson,T,OL
2020,19,LV,Damon Arnette,CB,DB
2020,20,JAX,K'Lavon Chaisson,DE,DL
2020,21,PHI,Jalen Reagor,WR,WR
2020,22,MIN,Justin Jefferson,WR,WR
2020,23,LAC,Kenneth Murray,LB,OTHER
2020,24,NO,Cesar Ruiz,C,OL
2020,25,SF,Brandon Aiyuk,WR,WR
2020,26,GB,Jordan Love,QB,QB
2020,27,SEA,Jordyn Brooks,LB,OTHER
2020,28,BAL,Patrick Queen,LB,OTHER
2020,29,TEN,Isaiah Wilson,T,OL
2020,30,MIA,Noah Igbinoghene,CB,DB
2020,31,MIN,Jeff Gladney,CB,DB
2020,32,KC,Clyde Edwards-Helaire,RB,OTHER
2021,1,JAX,Trevor Lawrence,QB,QB
2021,2,NYJ,Zach Wilson,QB,QB
2021,3,SF,Trey Lance,QB,QB
2021,4,ATL,Kyle Pitts,TE,OTHER
2021,5,CIN,Ja'Marr Chase,WR,WR
2021,6,MIA,Jaylen Waddle,WR,WR
2021,7,DET,Penei Sewell,OL,OL
2021,8,CAR,Jaycee Horn,DB,DB
2021,9,DEN,Patrick Surtain II,DB,DB
2021,10,PHI,DeVonta Smith,WR,WR
2021,11,CHI,Justin Fields,QB,QB
2021,12,DAL,Micah Parsons,LB,OTHER
2021,13,LAC,Rashawn Slater,OL,OL
2021,14,NYJ,Alijah Vera-Tucker,OL,OL
2021,15,NE,Mac Jones,QB,QB
2021,16,ARI,Zaven Collins,LB,OTHER
2021,17,LV,Alex Leatherwood,OL,OL
2021,18,MIA,Jaelan Phillips,DL,DL
2021,19,WSH,Jamin Davis,LB,OTHER
2021,20,NYG,Kadarius Toney,WR,WR
2021,21,IND,Kwity Paye,DL,DL
2021,22,TEN,Caleb Farley,DB,DB
2021,23,MIN,Christian Darrisaw,OL,OL
2021,24,PIT,Najee Harris,RB,OTHER
2021,25,JAX,Travis Etienne,RB,OTHER
2021,26,CLE,Greg Newsome II,DB,DB
2021,27,BAL,Rashod Bateman,WR,WR
2021,28,NO,Payton Turner,DE,DL
2021,29,GB,Eric Stokes,DB,DB
2021,30,BUF,Gregory Rousseau,DL,DL
2021,31,BAL,Odafe Oweh,DE,DL
2021,32,TB,Joe Tryon-Shoyinka,OLB,DL
2022,1,JAX,Travon Walker,DE,DL
2022,2,DET,Aidan Hutchinson,DE,DL
2022,3,HOU,Derek Stingley Jr.,CB,DB
2022,4,NYJ,Sauce Gardner,CB,DB
2022,5,NYG,Kayvon Thibodeaux,DE,DL
2022,6,CAR,Ikem Ekwonu,T,OL
2022,7,NYG,Evan Neal,OL,OL
2022,8,ATL,Drake London,WR,WR
2022,9,SEA,Charles Cross,OL,OL
2022,10,NYJ,Garrett Wilson,WR,WR
2022,11,NO,Chris Olave,WR,WR
2022,12,DET,Jameson Williams,WR,WR
2022,13,PHI,Jordan Davis,DT,DL
2022,14,BAL,Kyle Hamilton,S,DB
2022,15,HOU,Kenyon Green,OL,OL
2022,16,WSH,Jahan Dotson,WR,WR
2022,17,LAC,Zion Johnson,G,OL
2022,18,TEN,Treylon Burks,WR,WR
2022,19,NO,Trevor Penning,T,OL
2022,20,PIT,Kenny Pickett,QB,QB
2022,21,KC,Trent McDuffie,CB,DB
2022,22,GB,Quay Walker,LB,OTHER
2022,23,BUF,Kaiir Elam,CB,DB
2022,24,DAL,Tyler Smith,OL,OL
2022,25,BAL,Tyler Linderbaum,OL,OL
2022,26,NYJ,Jermaine Johnson II,LB,OTHER
2022,27,JAX,Devin Lloyd,LB,OTHER
2022,28,GB,Devonte Wyatt,DT,DL
2022,29,NE,Cole Strange,OL,OL
2022,30,KC,George Karlaftis III,DE,DL
2022,31,CIN,Daxton Hill,DB,DB
2022,32,MIN,Lewis Cine,DB,DB
2023,1,CAR,Bryce Young,QB,QB
2023,2,HOU,C.J. Stroud,QB,QB
2023,3,HOU,Will Anderson,LB,OTHER
2023,4,IND,Anthony Richardson,QB,QB
2023,5,SEA,Devon Witherspoon,DB,DB
2023,6,ARI,Paris Johnson,OL,OL
2023,7,LV,Tyree Wilson,OLB,DL
2023,8,ATL,Bijan Robinson,RB,OTHER
2023,9,PHI,Jalen Carter,DL,DL
2023,10,CHI,Darnell Wright,OL,OL
2023,11,TEN,Peter Skoronski,OL,OL
2023,12,DET,Jahmyr Gibbs,RB,OTHER
2023,13,GB,Lukas Van Ness,DL,DL
2023,14,PIT,Broderick Jones,OL,OL
2023,15,NYJ,Will McDonald,DE,DL
2023,16,WSH,Emmanuel Forbes,CB,DB
2023,17,NE,Christian Gonzalez,DB,DB
2023,18,DET,Jack Campbell,LB,OTHER
2023,19,TB,Calijah Kancey,DL,DL
2023,20,SEA,Jaxon Smith-Njigba,WR,WR
2023,21,LAC,Quentin Johnston,WR,WR
2023,22,BAL,Zay Flowers,WR,WR
2023,23,MIN,Jordan Addison,WR,WR
2023,24,NYG,Deonte Banks,DB,DB
2023,25,BUF,Dalton Kincaid,TE,OTHER
2023,26,DAL,Mazi Smith,DL,DL
2023,27,JAX,Anton Harrison,OL,OL
2023,28,CIN,Myles Murphy,DE,DL
2023,29,NO,Bryan Bresee,DT,DL
2023,30,PHI,Nolan Smith,OLB,DL
2023,31,KC,Felix Anudike-Uzomah,DE,DL
2024,1,CHI,Caleb Williams,QB,QB
2024,2,WSH,Jayden Daniels,QB,QB
2024,3,NE,Drake Maye,QB,QB
2024,4,ARI,Marvin Harrison Jr.,WR,WR
2024,5,LAC,Joe Alt,OL,OL
2024,6,NYG,Malik Nabers,WR,WR
2024,7,TEN,JC Latham,OL,OL
2024,8,ATL,Michael Penix,QB,QB
2024,9,CHI,Rome Odunze,WR,WR
2024,10,MIN,J.J. McCarthy,QB,QB
2024,11,NYJ,Olu Fashanu,OL,OL
2024,12,DEN,Bo Nix,QB,QB
2024,13,LV,Brock Bowers,TE,OTHER
2024,14,NO,Taliese Fuaga,OL,OL
2024,15,IND,Laiatu Latu,DL,DL
2024,16,SEA,Byron Murphy,DL,DL
2024,17,MIN,Dallas Turner,LB,OTHER
2024,18,CIN,Amarius Mims,OL,OL
2024,19,LAR,Jared Verse,DL,DL
2024,20,PIT,Troy Fautanu,OL,OL
2024,21,MIA,Chop Robinson,DE,DL
2024,22,PHI,Quinyon Mitchell,CB,DB
2024,23,JAX,Brian Thomas,WR,WR
2024,24,DET,Terrion Arnold,DB,DB
2024,25,GB,Jordan Morgan,OL,OL
2024,26,TB,Graham Barton,OL,OL
2024,27,ARI,Darius Robinson,DL,DL
2024,28,KC,Xavier Worthy,WR,WR
2024,29,DAL,Tyler Guyton,OL,OL
2024,30,BAL,Nate Wiggins,CB,DB
2024,31,SF,Ricky Pearsall,WR,WR
2024,32,CAR,Xavier Legette,WR,WR
2025,1,TEN,Cam Ward,QB,QB
2025,2,JAX,Travis Hunter,WR,WR
2025,3,NYG,Abdul Carter,DE,DL
2025,4,NE,Will Campbell,OT,OL
2025,5,CLE,Mason Graham,DT,DL
2025,6,LV,Ashton Jeanty,RB,OTHER
2025,7,NYJ,Armand Membou,OL,OL
2025,8,CAR,Tetairoa McMillan,WR,WR
2025,9,NO,Kelvin Banks,OL,OL
2025,10,CHI,Colston Loveland,TE,OTHER
2025,11,SF,Mykel Williams,DL,DL
2025,12,DAL,Tyler Booker,OL,OL
2025,13,MIA,Kenneth Grant,DT,DL
2025,14,IND,Tyler Warren,TE,OTHER
2025,15,ATL,Jalon Walker,DE,DL
2025,16,ARI,Walter Nolen,DT,DL
2025,17,CIN,Shemar Stewart,DE,DL
2025,18,SEA,Grey Zabel,OT,OL
2025,19,TB,Emeka Egbuka,WR,WR
2025,20,DEN,Jahdae Barron,CB,DB
2025,21,PIT,Derrick Harmon,DT,DL
2025,22,LAC,Omarion Hampton,RB,OTHER
2025,23,GB,Matthew Golden,WR,WR
2025,24,MIN,Donovan Jackson,OL,OL
2025,25,NYG,Jaxson Dart,QB,QB
2025,26,ATL,James Pearce,DE,DL
2025,27,BAL,Malaki Starks,SAF,DB
2025,28,DET,Tyleik Williams,DT,DL
2025,29,WSH,Josh Conerly,OL,OL
2025,30,BUF,Maxwell Hairston,CB,DB
2025,31,PHI,Jihaad Campbell,LB,OTHER
2025,32,KC,Josh Simmons,OL,OL
2026,1,LV,Fernando Mendoza,QB,QB
2026,2,NYJ,David Bailey,OLB,DL
2026,3,ARI,Jeremiyah Love,RB,OTHER
2026,4,TEN,Carnell Tate,WR,WR
2026,5,NYG,Arvell Reese,LB,OTHER
2026,6,KC,Mansoor Delane,CB,DB
2026,7,WSH,Sonny Styles,LB,OTHER
2026,8,NO,Jordyn Tyson,WR,WR
2026,9,CLE,Spencer Fano,OT,OL
2026,10,NYG,Francis Mauigoa,OT,OL
2026,11,DAL,Caleb Downs,S,DB
2026,12,MIA,Kadyn Proctor,OT,OL
2026,13,LAR,Ty Simpson,QB,QB
2026,14,BAL,Olaivavega Ioane,OG,OL
2026,15,TB,Rueben Bain,DE,DL
2026,16,NYJ,Kenyon Sadiq,TE,OTHER
2026,17,DET,Blake Miller,OT,OL
2026,18,MIN,Caleb Banks,DT,DL
2026,19,CAR,Monroe Freeling,OT,OL
2026,20,PHI,Makai Lemon,WR,WR
2026,21,PIT,Max Iheanachor,OT,OL
2026,22,LAC,Akheem Mesidor,DE,DL
2026,23,DAL,Malachi Lawrence,DE,DL
2026,24,CLE,KC Concepcion,WR,WR
2026,25,CHI,Dillon Thieneman,S,DB
2026,26,HOU,Keylan Rutledge,G,OL
2026,27,MIA,Chris Johnson,CB,DB
2026,28,NE,Caleb Lomu,OT,OL
2026,29,KC,Peter Woods,DT,DL
2026,30,NYJ,Omar Cooper,WR,WR
2026,31,TEN,Keldric Faulk,DE,DL
2026,32,SEA,Jadarian Price,RB,OTHER
