draft_year,pick,team,pfr_player_name,position,target,hist_DB,hist_DL,hist_OL,hist_OTHER,hist_QB,hist_WR,qb,rb,wr,te,ol,dt,de,lb,cb,s,win_pct
2021,1,JAX,Trevor Lawrence,QB,QB,2,2,0,2,0,0,31,32,19,23,26,28,18,20,27,32,0.0625
2021,2,NYJ,Zach Wilson,QB,QB,1,2,1,0,1,0,26,20,29,20,19,14,31,21,31,18,0.125
2021,3,SF,Trey Lance,QB,QB,0,4,2,1,0,1,16,25,24,2,10,15,1,14,8,9,0.375
2021,4,ATL,Kyle Pitts,TE,OTHER,2,1,2,0,0,1,10,19,6,25,20,10,24,12,23,16,0.25
2021,5,CIN,Ja'Marr Chase,WR,WR,1,0,2,0,1,1,25,10,4,28,32,7,12,22,26,17,0.28125
2021,6,MIA,Jaylen Waddle,WR,WR,2,2,2,0,1,0,24,29,28,19,31,24,19,31,3,31,0.625
2021,7,DET,Penei Sewell,OL,OL,1,0,2,2,0,0,12,27,9,14,18,25,21,19,6,11,0.3125
2021,8,CAR,Jaycee Horn,DB,DB,0,3,0,1,0,1,30,3,11,26,15,12,26,23,32,22,0.3125
2021,9,DEN,Patrick Surtain II,DB,DB,0,1,1,1,1,1,28,9,16,15,17,8,30,15,19,5,0.3125
2021,10,PHI,DeVonta Smith,WR,WR,0,1,1,0,1,1,8,24,22,1,5,1,20,28,11,30,0.28125
2021,11,CHI,Justin Fields,QB,QB,0,1,0,1,1,0,32,31,25,16,23,20,7,11,16,15,0.5
2021,12,DAL,Micah Parsons,LB,OTHER,0,2,0,1,0,1,7,4,1,29,6,23,9,2,18,29,0.375
2021,13,LAC,Rashawn Slater,OL,OL,1,2,0,1,1,1,29,23,17,10,30,26,2,17,5,21,0.4375
2021,14,NYJ,Alijah Vera-Tucker,OL,OL,1,2,1,0,1,0,26,20,29,20,19,14,31,21,31,18,0.125
2021,15,NE,Mac Jones,QB,QB,0,0,1,1,0,1,20,21,27,31,9,29,23,27,1,12,0.4375
2021,16,ARI,Zaven Collins,LB,OTHER,0,1,0,2,2,0,13,22,3,30,29,31,17,10,24,28,0.5
2021,17,LV,Alex Leatherwood,OL,OL,4,1,1,1,0,1,18,15,31,9,12,22,22,6,21,19,0.5
2021,18,MIA,Jaelan Phillips,DL,DL,2,2,2,0,1,0,24,29,28,19,31,24,19,31,3,31,0.625
2021,19,WSH,Jamin Davis,LB,OTHER,0,4,0,0,1,1,27,30,32,32,27,11,8,25,30,24,0.4375
2021,20,NYG,Kadarius Toney,WR,WR,2,1,1,2,1,0,21,2,18,11,21,5,29,26,20,23,0.375
2021,21,IND,Kwity Paye,DL,DL,1,0,2,0,0,0,15,14,21,12,1,9,13,4,17,13,0.6875
2021,22,TEN,Caleb Farley,DB,DB,1,1,2,1,0,1,17,8,20,22,7,17,11,13,9,8,0.6875
2021,23,MIN,Christian Darrisaw,OL,OL,2,0,1,0,0,2,14,5,23,6,28,32,3,7,25,1,0.4375
2021,24,PIT,Najee Harris,RB,OTHER,2,1,0,1,0,0,11,26,14,18,11,2,6,16,7,10,0.75
2021,25,JAX,Travis Etienne,RB,OTHER,2,2,0,2,0,0,31,32,19,23,26,28,18,20,27,32,0.0625
2021,26,CLE,Greg Newsome II,DB,DB,2,1,1,1,1,1,19,1,5,7,8,19,4,29,14,20,0.6875
2021,27,BAL,Rashod Bateman,WR,WR,1,0,1,2,1,1,4,11,30,5,4,4,27,18,2,25,0.6875
2021,28,NO,Payton Turner,DE,DL,1,2,2,0,0,0,3,6,8,13,2,18,5,9,4,4,0.75
2021,29,GB,Eric Stokes,DB,DB,2,1,0,1,1,0,9,7,26,27,3,16,14,30,22,7,0.8125
2021,30,BUF,Gregory Rousseau,DL,DL,1,2,0,1,1,0,23,16,13,24,16,21,16,8,13,2,0.8125
2021,31,BAL,Odafe Oweh,DE,DL,1,0,1,2,1,1,4,11,30,5,4,4,27,18,2,25,0.6875
2021,32,TB,Joe Tryon-Shoyinka,OLB,DL,1,1,1,2,0,0,6,12,2,4,14,6,15,3,15,27,0.6875
2022,1,JAX,Travon Walker,DE,DL,1,2,0,3,1,0,17,21,31,22,29,29,19,15,29,29,0.1764705882352941
2022,2,DET,Aidan Hutchinson,DE,DL,1,0,2,2,0,0,24,19,10,10,25,25,18,29,32,32,0.2058823529411764
2022,3,HOU,Derek Stingley Jr.,CB,DB,0,0,1,0,1,0,32,27,27,25,31,31,17,24,28,28,0.2352941176470588
2022,4,NYJ,Sauce Gardner,CB,DB,1,1,2,0,2,0,28,31,30,21,12,12,15,32,12,12,0.2352941176470588
2022,5,NYG,Kayvon Thibodeaux,DE,DL,1,1,1,2,1,1,23,6,12,31,4,4,21,5,11,11,0.2352941176470588
2022,6,CAR,Ikem Ekwonu,T,OL,1,2,0,1,0,1,31,3,29,30,20,20,20,19,26,26,0.2941176470588235
2022,7,NYG,Evan Neal,OL,OL,1,1,1,2,1,1,23,6,12,31,4,4,21,5,11,11,0.2352941176470588
2022,8,ATL,Drake London,WR,WR,1,1,2,1,0,1,14,30,6,26,13,13,9,25,25,25,0.4117647058823529
2022,9,SEA,Charles Cross,OL,OL,0,1,0,2,0,0,4,20,21,16,24,24,5,28,7,7,0.4117647058823529
2022,10,NYJ,Garrett Wilson,WR,WR,1,1,2,0,2,0,28,31,30,21,12,12,15,32,12,12,0.2352941176470588
2022,11,NO,Chris Olave,WR,WR,1,2,2,0,0,0,22,5,24,2,30,30,4,13,6,6,0.5294117647058824
2022,12,DET,Jameson Williams,WR,WR,1,0,2,2,0,0,24,19,10,10,25,25,18,29,32,32,0.2058823529411764
2022,13,PHI,Jordan Davis,DT,DL,0,1,1,0,0,2,25,24,4,8,10,10,29,16,13,13,0.5294117647058824
2022,14,BAL,Kyle Hamilton,S,DB,1,1,0,2,1,2,6,32,9,9,5,5,25,8,16,16,0.4705882352941176
2022,15,HOU,Kenyon Green,OL,OL,0,0,1,0,1,0,32,27,27,25,31,31,17,24,28,28,0.2352941176470588
2022,16,WSH,Jahan Dotson,WR,WR,0,4,0,1,1,0,20,17,14,13,3,3,23,7,19,19,0.4117647058823529
2022,17,LAC,Zion Johnson,G,OL,1,1,1,1,1,1,12,12,23,14,22,22,24,20,20,20,0.5294117647058824
2022,18,TEN,Treylon Burks,WR,WR,2,1,1,1,0,1,8,4,26,15,15,15,12,21,14,14,0.7058823529411765
2022,19,NO,Trevor Penning,T,OL,1,2,2,0,0,0,22,5,24,2,30,30,4,13,6,6,0.5294117647058824
2022,20,PIT,Kenny Pickett,QB,QB,1,1,0,2,0,0,16,18,19,32,1,1,14,27,5,5,0.5588235294117647
2022,21,KC,Trent McDuffie,CB,DB,0,0,0,1,1,0,1,22,1,18,23,23,27,22,17,17,0.7058823529411765
2022,22,GB,Quay Walker,LB,OTHER,3,0,0,1,1,0,2,10,16,17,16,16,31,10,3,3,0.7647058823529411
2022,23,BUF,Kaiir Elam,CB,DB,1,2,0,1,1,0,5,28,28,20,27,27,13,12,2,2,0.6470588235294118
2022,24,DAL,Tyler Smith,OL,OL,0,2,0,1,0,1,7,9,18,5,32,32,7,26,21,21,0.7058823529411765
2022,25,BAL,Tyler Linderbaum,OL,OL,1,1,0,2,1,2,6,32,9,9,5,5,25,8,16,16,0.4705882352941176
2022,26,NYJ,Jermaine Johnson II,LB,OTHER,1,1,2,0,2,0,28,31,30,21,12,12,15,32,12,12,0.2352941176470588
2022,27,JAX,Devin Lloyd,LB,OTHER,1,2,0,3,1,0,17,21,31,22,29,29,19,15,29,29,0.1764705882352941
2022,28,GB,Devonte Wyatt,DT,DL,3,0,0,1,1,0,2,10,16,17,16,16,31,10,3,3,0.7647058823529411
2022,29,NE,Cole Strange,OL,OL,0,0,1,1,1,1,29,16,3,6,19,19,22,6,10,10,0.5882352941176471
2022,30,KC,George Karlaftis III,DE,DL,0,0,0,1,1,0,1,22,1,18,23,23,27,22,17,17,0.7058823529411765
2022,31,CIN,Daxton Hill,DB,DB,0,0,2,0,1,2,19,14,25,28,17,17,30,18,4,4,0.5882352941176471
2022,32,MIN,Lewis Cine,DB,DB,2,0,2,0,0,1,15,2,20,27,6,6,2,11,8,8,0.4705882352941176
2023,1,CAR,Bryce Young,QB,QB,1,2,1,0,0,1,25,5,20,31,22,22,25,13,22,17,0.4117647058823529
2023,2,HOU,C.J. Stroud,QB,QB,1,0,2,0,0,0,30,31,28,30,29,28,24,25,19,32,0.2058823529411764
2023,3,HOU,Will Anderson,LB,OTHER,1,0,2,0,0,0,30,31,28,30,29,28,24,25,19,32,0.2058823529411764
2023,4,IND,Anthony Richardson,QB,QB,0,1,1,0,0,0,16,2,23,25,12,8,19,3,14,24,0.2647058823529412
2023,5,SEA,Devon Witherspoon,DB,DB,0,1,1,2,0,0,32,26,7,7,28,15,31,26,32,9,0.5294117647058824
2023,6,ARI,Paris Johnson,OL,OL,0,0,0,2,2,0,10,23,4,6,19,16,28,18,30,11,0.2352941176470588
2023,7,LV,Tyree Wilson,OLB,DL,2,1,2,1,0,1,13,22,10,4,30,30,4,10,26,14,0.3529411764705882
2023,8,ATL,Bijan Robinson,RB,OTHER,1,0,2,1,0,2,31,32,31,8,27,21,32,29,11,31,0.4117647058823529
2023,9,PHI,Jalen Carter,DL,DL,0,1,1,0,0,2,17,30,11,9,1,4,9,17,3,27,0.8235294117647058
2023,10,CHI,Darnell Wright,OL,OL,0,0,0,1,1,0,24,21,29,18,31,27,29,14,29,30,0.1764705882352941
2023,11,TEN,Peter Skoronski,OL,OL,1,1,1,1,0,1,15,4,26,21,25,14,27,15,25,5,0.4117647058823529
2023,12,DET,Jahmyr Gibbs,RB,OTHER,1,1,2,1,0,1,28,16,19,10,4,29,21,32,31,26,0.5294117647058824
2023,13,GB,Lukas Van Ness,DL,DL,3,1,0,2,1,0,1,8,30,29,8,5,14,9,1,7,0.4705882352941176
2023,14,PIT,Broderick Jones,OL,OL,1,0,0,2,1,0,29,14,16,15,32,6,5,21,28,12,0.5294117647058824
2023,15,NYJ,Will McDonald,DE,DL,1,1,2,1,2,1,26,20,13,19,16,20,12,28,20,23,0.4117647058823529
2023,16,WSH,Emmanuel Forbes,CB,DB,0,3,0,1,1,1,20,15,17,23,6,2,11,20,17,21,0.5
2023,17,NE,Christian Gonzalez,DB,DB,0,0,2,1,1,1,14,11,24,5,10,18,30,27,24,4,0.4705882352941176
2023,18,DET,Jack Campbell,LB,OTHER,1,1,2,1,0,1,28,16,19,10,4,29,21,32,31,26,0.5294117647058824
2023,19,TB,Calijah Kancey,DL,DL,0,2,1,1,0,0,3,18,2,27,9,12,13,5,9,18,0.4705882352941176
2023,20,SEA,Jaxon Smith-Njigba,WR,WR,0,1,1,2,0,0,32,26,7,7,28,15,31,26,32,9,0.5294117647058824
2023,21,LAC,Quentin Johnston,WR,WR,1,1,2,1,1,0,6,9,6,24,5,26,1,16,7,10,0.5882352941176471
2023,22,BAL,Zay Flowers,WR,WR,1,1,1,2,1,2,11,28,32,1,7,11,16,31,6,3,0.5882352941176471
2023,23,MIN,Jordan Addison,WR,WR,3,0,2,0,0,1,12,3,5,20,24,17,8,8,23,15,0.7647058823529411
2023,24,NYG,Deonte Banks,DB,DB,1,2,2,1,1,1,27,12,21,32,23,3,26,30,27,29,0.5588235294117647
2023,25,BUF,Dalton Kincaid,TE,OTHER,1,2,0,1,1,0,4,24,12,13,11,19,7,7,10,1,0.8125
2023,26,DAL,Mazi Smith,DL,DL,0,1,1,1,0,1,8,7,18,11,20,31,15,2,15,20,0.7058823529411765
2023,27,JAX,Anton Harrison,OL,OL,1,3,0,3,1,0,18,19,22,16,26,25,18,22,13,28,0.5294117647058824
2023,28,CIN,Myles Murphy,DE,DL,1,0,2,0,1,1,7,13,1,22,13,10,10,19,16,2,0.75
2023,29,NO,Bryan Bresee,DT,DL,0,2,2,0,0,1,22,10,8,28,15,24,3,4,5,6,0.4117647058823529
2023,30,PHI,Nolan Smith,OLB,DL,0,1,1,0,0,2,17,30,11,9,1,4,9,17,3,27,0.8235294117647058
2023,31,KC,Felix Anudike-Uzomah,DE,DL,1,1,0,1,0,0,2,27,25,2,2,9,22,11,21,19,0.8235294117647058
2024,1,CHI,Caleb Williams,QB,QB,0,0,1,0,1,0,16,27,13,16,13,30,29,3,27,16,0.4117647058823529
2024,2,WSH,Jayden Daniels,QB,QB,1,2,0,1,1,1,30,20,9,30,28,5,9,28,17,19,0.2352941176470588
2024,3,NE,Drake Maye,QB,QB,1,0,1,0,1,1,28,11,27,9,11,20,14,15,14,14,0.2352941176470588
2024,4,ARI,Marvin Harrison Jr.,WR,WR,0,0,1,2,1,0,22,26,22,7,27,32,31,27,32,7,0.2352941176470588
2024,5,LAC,Joe Alt,OL,OL,0,1,2,1,1,1,5,9,6,25,9,29,2,19,6,20,0.2941176470588235
2024,6,NYG,Malik Nabers,WR,WR,2,2,2,0,1,1,13,10,30,5,26,1,24,20,22,25,0.3529411764705882
2024,7,TEN,JC Latham,OL,OL,1,1,2,0,0,1,21,4,19,31,32,10,21,29,20,3,0.3529411764705882
2024,8,ATL,Michael Penix,QB,QB,1,0,2,2,0,1,32,2,32,6,8,3,30,26,28,9,0.4117647058823529
2024,9,CHI,Rome Odunze,WR,WR,0,0,1,0,1,0,16,27,13,16,13,30,29,3,27,16,0.4117647058823529
2024,10,MIN,J.J. McCarthy,QB,QB,2,0,2,0,0,2,12,30,8,4,7,21,12,24,29,24,0.4117647058823529
2024,11,NYJ,Olu Fashanu,OL,OL,1,2,2,1,1,1,7,5,20,17,25,14,11,22,1,21,0.4117647058823529
2024,12,DEN,Bo Nix,QB,QB,1,0,0,1,0,1,14,24,15,22,10,13,27,14,12,6,0.4705882352941176
2024,13,LV,Brock Bowers,TE,OTHER,2,2,1,1,0,1,20,12,7,18,14,31,7,31,26,28,0.4705882352941176
2024,14,NO,Taliese Fuaga,OL,OL,0,2,2,0,0,1,17,13,17,19,19,28,19,6,10,2,0.5294117647058824
2024,15,IND,Laiatu Latu,DL,DL,0,1,0,0,1,0,27,32,24,27,15,6,26,9,30,32,0.5294117647058824
2024,16,SEA,Byron Murphy,DL,DL,1,1,1,1,0,1,19,7,2,14,23,26,28,4,15,8,0.5294117647058824
2024,17,MIN,Dallas Turner,LB,OTHER,2,0,2,0,0,2,12,30,8,4,7,21,12,24,29,24,0.4117647058823529
2024,18,CIN,Amarius Mims,OL,OL,1,1,1,0,1,1,3,18,1,29,18,7,13,11,13,30,0.5294117647058824
2024,19,LAR,Jared Verse,DL,DL,0,0,0,0,0,0,15,29,25,20,30,11,32,32,31,29,0.5882352941176471
2024,20,PIT,Troy Fautanu,OL,OL,0,0,1,2,1,0,23,15,14,8,16,8,1,21,18,10,0.5882352941176471
2024,21,MIA,Chop Robinson,DE,DL,1,2,1,0,1,1,11,28,3,32,20,4,6,5,11,13,0.6470588235294118
2024,22,PHI,Quinyon Mitchell,CB,DB,0,3,1,0,0,2,4,19,4,11,1,18,5,30,2,31,0.6470588235294118
2024,23,JAX,Brian Thomas,WR,WR,1,2,1,3,1,0,8,14,12,12,31,22,16,13,21,23,0.5294117647058824
2024,24,DET,Terrion Arnold,DB,DB,1,1,1,3,0,1,18,3,23,24,3,25,10,23,23,22,0.7058823529411765
2024,25,GB,Jordan Morgan,OL,OL,2,2,0,2,1,0,29,6,29,26,12,17,15,8,5,27,0.5294117647058824
2024,26,TB,Graham Barton,OL,OL,0,2,1,1,0,0,31,31,11,28,29,12,18,12,16,17,0.5294117647058824
2024,27,ARI,Darius Robinson,DL,DL,0,0,1,2,1,0,22,26,22,7,27,32,31,27,32,7,0.2352941176470588
2024,28,KC,Xavier Worthy,WR,WR,1,2,0,1,0,0,1,22,26,1,4,19,25,7,7,26,0.6470588235294118
2024,29,DAL,Tyler Guyton,OL,OL,0,1,1,1,0,1,10,17,5,23,5,27,3,25,3,5,0.7058823529411765
2024,30,BAL,Nate Wiggins,CB,DB,1,1,1,1,0,3,6,25,16,2,6,24,23,10,24,4,0.7647058823529411
2024,31,SF,Ricky Pearsall,WR,WR,0,2,0,0,1,1,24,1,10,3,24,2,17,1,25,12,0.7058823529411765
2024,32,CAR,Xavier Legette,WR,WR,1,2,1,0,1,0,25,23,28,21,21,16,22,2,19,11,0.1176470588235294
2025,1,TEN,Cam Ward,QB,QB,1,0,3,0,0,1,29,21,8,27,9,20,27,22,4,12,0.1764705882352941
2025,2,JAX,Travis Hunter,WR,WR,1,2,1,2,1,1,16,15,14,6,30,13,12,3,11,29,0.2352941176470588
2025,3,NYG,Abdul Carter,DE,DL,1,1,2,0,0,2,30,28,23,31,22,24,14,18,25,32,0.1764705882352941
2025,4,NE,Will Campbell,OT,OL,1,0,1,0,2,0,27,18,32,9,16,28,29,11,17,9,0.2352941176470588
2025,5,CLE,Mason Graham,DT,DL,1,0,1,0,0,0,21,25,20,8,2,15,2,7,3,6,0.1764705882352941
2025,6,LV,Ashton Jeanty,RB,OTHER,1,1,1,1,0,1,31,31,19,7,12,9,7,20,30,17,0.2352941176470588
2025,7,NYJ,Armand Membou,OL,OL,1,1,3,1,1,1,5,5,13,23,6,21,15,4,1,27,0.2941176470588235
2025,8,CAR,Tetairoa McMillan,WR,WR,1,1,1,0,1,1,25,27,17,32,11,16,21,8,26,16,0.2941176470588235
2025,9,NO,Kelvin Banks,OL,OL,0,2,3,0,0,1,22,10,27,18,29,30,6,6,8,19,0.2941176470588235
2025,10,CHI,Colston Loveland,TE,OTHER,0,0,1,0,2,1,24,16,6,10,14,27,20,5,7,11,0.2941176470588235
2025,11,SF,Mykel Williams,DL,DL,0,1,0,0,1,2,9,1,2,4,24,14,8,2,13,18,0.3529411764705882
2025,12,DAL,Tyler Booker,OL,OL,0,1,2,1,0,1,6,32,11,17,17,23,3,25,6,13,0.4117647058823529
2025,13,MIA,Kenneth Grant,DT,DL,1,2,1,0,1,1,15,9,4,25,26,12,9,16,2,3,0.4705882352941176
2025,14,IND,Tyler Warren,TE,OTHER,0,2,0,0,1,0,19,8,16,20,4,1,18,27,22,26,0.4705882352941176
2025,15,ATL,Jalon Walker,DE,DL,1,0,0,2,1,1,13,3,24,11,3,4,26,19,29,2,0.4705882352941176
2025,16,ARI,Walter Nolen,DT,DL,0,1,1,2,0,1,17,20,21,13,31,31,30,29,32,8,0.4705882352941176
2025,17,CIN,Shemar Stewart,DE,DL,1,1,1,0,1,1,4,30,7,29,10,18,10,9,24,14,0.5294117647058824
2025,18,SEA,Grey Zabel,OT,OL,1,1,1,1,0,1,18,4,3,21,32,2,16,12,10,28,0.5882352941176471
2025,19,TB,Emeka Egbuka,WR,WR,0,2,2,0,0,0,20,22,12,30,25,17,32,23,27,5,0.5882352941176471
2025,20,DEN,Jahdae Barron,CB,DB,1,0,0,0,1,1,28,26,26,24,8,11,28,26,18,31,0.5882352941176471
2025,21,PIT,Derrick Harmon,DT,DL,0,0,2,1,1,0,23,11,31,14,27,7,1,14,23,7,0.5882352941176471
2025,22,LAC,Omarion Hampton,RB,OTHER,0,0,3,1,1,1,10,29,30,22,15,32,5,31,28,10,0.6470588235294118
2025,23,GB,Matthew Golden,WR,WR,1,2,1,1,1,0,12,12,18,15,13,8,11,28,14,20,0.6470588235294118
2025,24,MIN,Donovan Jackson,OL,OL,2,0,1,1,1,2,32,24,9,12,20,26,13,24,15,4,0.8235294117647058
2025,25,NYG,Jaxson Dart,QB,QB,1,1,2,0,0,2,30,28,23,31,22,24,14,18,25,32,0.1764705882352941
2025,26,ATL,James Pearce,DE,DL,1,0,0,2,1,1,13,3,24,11,3,4,26,19,29,2,0.4705882352941176
2025,27,BAL,Malaki Starks,SAF,DB,2,1,1,1,0,2,3,7,25,2,18,6,25,13,16,1,0.7058823529411765
2025,28,DET,Tyleik Williams,DT,DL,2,1,1,2,0,1,14,2,22,5,1,3,19,15,5,30,0.8823529411764706
2025,29,WSH,Josh Conerly,OL,OL,1,1,0,1,1,1,26,13,29,28,21,10,31,1,31,23,0.7058823529411765
2025,30,BUF,Maxwell Hairston,CB,DB,1,1,0,1,0,0,2,23,28,3,23,19,24,17,9,25,0.7647058823529411
2025,31,PHI,Jihaad Campbell,LB,OTHER,1,3,0,0,0,2,11,6,5,19,5,22,17,30,12,21,0.8235294117647058
2025,32,KC,Josh Simmons,OL,OL,1,2,0,1,0,1,1,17,15,1,7,5,23,10,21,24,0.8823529411764706
2026,1,LV,Fernando Mendoza,QB,QB,0,1,1,2,0,0,24,11,32,3,18,30,5,23,31,26,0.1764705882352941
2026,2,NYJ,David Bailey,OLB,DL,1,1,3,1,1,1,29,16,28,32,21,17,21,6,3,20,0.1764705882352941
2026,3,ARI,Jeremiyah Love,RB,OTHER,0,2,1,1,0,1,13,14,29,8,25,2,20,29,28,3,0.1764705882352941
2026,4,TEN,Carnell Tate,WR,WR,1,0,2,0,1,1,28,23,24,29,5,4,30,30,18,24,0.1764705882352941
2026,5,NYG,Arvell Reese,LB,OTHER,1,2,1,0,1,2,25,25,21,28,28,6,2,16,17,16,0.2352941176470588
2026,6,KC,Mansoor Delane,CB,DB,1,2,1,0,0,1,3,31,11,4,14,12,25,10,9,31,0.3529411764705882
2026,7,WSH,Sonny Styles,LB,OTHER,1,0,1,1,1,1,6,20,10,20,23,26,32,1,15,32,0.2941176470588235
2026,8,NO,Jordyn Tyson,WR,WR,0,2,3,0,0,1,32,9,20,31,22,29,15,7,30,12,0.3529411764705882
2026,9,CLE,Spencer Fano,OT,OL,1,1,0,0,0,0,31,26,25,10,24,24,13,24,20,29,0.2941176470588235
2026,10,NYG,Francis Mauigoa,OT,OL,1,2,1,0,1,2,25,25,21,28,28,6,2,16,17,16,0.2352941176470588
2026,11,DAL,Caleb Downs,S,DB,0,1,3,1,0,0,11,32,9,16,17,22,12,28,19,18,0.4411764705882353
2026,12,MIA,Kadyn Proctor,OT,OL,0,3,0,0,0,1,14,8,6,24,30,16,10,8,32,22,0.4117647058823529
2026,13,LAR,Ty Simpson,QB,QB,0,1,0,0,0,0,12,18,4,21,7,9,8,32,25,13,0.7058823529411765
2026,14,BAL,Olaivavega Ioane,OG,OL,3,1,1,0,0,2,1,5,13,1,6,11,22,13,1,5,0.4705882352941176
2026,15,TB,Rueben Bain,DE,DL,0,2,1,0,0,1,9,12,3,23,8,20,26,20,14,17,0.4705882352941176
2026,16,NYJ,Kenyon Sadiq,TE,OTHER,1,1,3,1,1,1,29,16,28,32,21,17,21,6,3,20,0.1764705882352941
2026,17,DET,Blake Miller,OT,OL,1,2,1,2,0,1,10,1,8,9,16,23,7,5,12,1,0.5294117647058824
2026,18,MIN,Caleb Banks,DT,DL,1,0,2,1,1,1,27,22,5,5,4,5,3,18,24,10,0.5294117647058824
2026,19,CAR,Monroe Freeling,OT,OL,1,0,1,0,1,2,23,28,23,27,19,14,29,31,16,27,0.4705882352941176
2026,20,PHI,Makai Lemon,WR,WR,1,3,0,1,0,1,5,3,2,14,1,13,31,2,4,21,0.6470588235294118
2026,21,PIT,Max Iheanachor,OT,OL,0,1,2,1,1,0,26,30,30,2,26,8,1,12,5,15,0.5882352941176471
2026,22,LAC,Akheem Mesidor,DE,DL,0,0,3,1,0,1,7,17,12,30,13,31,14,27,26,7,0.6470588235294118
2026,23,DAL,Malachi Lawrence,DE,DL,0,1,3,1,0,0,11,32,9,16,17,22,12,28,19,18,0.4411764705882353
2026,24,CLE,KC Concepcion,WR,WR,1,1,0,0,0,0,31,26,25,10,24,24,13,24,20,29,0.2941176470588235
2026,25,CHI,Dillon Thieneman,S,DB,0,0,1,1,2,1,20,21,7,6,3,18,24,11,8,8,0.6470588235294118
2026,26,HOU,Keylan Rutledge,G,OL,1,0,1,1,1,0,16,13,15,17,29,28,4,21,2,4,0.7058823529411765
2026,27,MIA,Chris Johnson,CB,DB,0,3,0,0,0,1,14,8,6,24,30,16,10,8,32,22,0.4117647058823529
2026,28,NE,Caleb Lomu,OT,OL,1,0,2,0,2,0,19,19,26,11,20,10,18,15,6,9,0.8235294117647058
2026,29,KC,Peter Woods,DT,DL,1,2,1,0,0,1,3,31,11,4,14,12,25,10,9,31,0.3529411764705882
2026,30,NYJ,Omar Cooper,WR,WR,1,1,3,1,1,1,29,16,28,32,21,17,21,6,3,20,0.1764705882352941
2026,31,TEN,Keldric Faulk,DE,DL,1,0,2,0,1,1,28,23,24,29,5,4,30,30,18,24,0.1764705882352941
2026,32,SEA,Jadarian Price,RB,OTHER,1,1,2,0,0,1,21,10,19,26,27,1,17,25,10,14,0.8235294117647058
