draft_year,team,win_pct
2021,ARI,0.5
2021,ATL,0.25
2021,BAL,0.6875
2021,BUF,0.8125
2021,CAR,0.3125
2021,CHI,0.5
2021,CIN,0.28125
2021,CLE,0.6875
2021,DAL,0.375
2021,DEN,0.3125
2021,DET,0.3125
2021,GB,0.8125
2021,HOU,0.25
2021,IND,0.6875
2021,JAX,0.0625
2021,KC,0.875
2021,LAC,0.4375
2021,LAR,0.625
2021,LV,0.5
2021,MIA,0.625
2021,MIN,0.4375
2021,NE,0.4375
2021,NO,0.75
2021,NYG,0.375
2021,NYJ,0.125
2021,PHI,0.28125
2021,PIT,0.75
2021,SEA,0.75
2021,SF,0.375
2021,TB,0.6875
2021,TEN,0.6875
2021,WSH,0.4375
2022,ARI,0.6470588235294118
2022,ATL,0.4117647058823529
2022,BAL,0.47058823529411764
2022,BUF,0.6470588235294118
2022,CAR,0.29411764705882354
2022,CHI,0.35294117647058826
2022,CIN,0.5882352941176471
2022,CLE,0.47058823529411764
2022,DAL,0.7058823529411765
2022,DEN,0.4117647058823529
2022,DET,0.20588235294117646
2022,GB,0.7647058823529411
2022,HOU,0.23529411764705882
2022,IND,0.5294117647058824
2022,JAX,0.17647058823529413
2022,KC,0.7058823529411765
2022,LAC,0.5294117647058824
2022,LAR,0.7058823529411765
2022,LV,0.5882352941176471
2022,MIA,0.5294117647058824
2022,MIN,0.47058823529411764
2022,NE,0.5882352941176471
2022,NO,0.5294117647058824
2022,NYG,0.23529411764705882
2022,NYJ,0.23529411764705882
2022,PHI,0.5294117647058824
2022,PIT,0.5588235294117647
2022,SEA,0.4117647058823529
2022,SF,0.5882352941176471
2022,TB,0.7647058823529411
2022,TEN,0.7058823529411765
2022,WSH,0.4117647058823529
2023,ARI,0.23529411764705882
2023,ATL,0.4117647058823529
2023,BAL,0.5882352941176471
2023,BUF,0.8125
2023,CAR,0.4117647058823529
2023,CHI,0.17647058823529413
2023,CIN,0.75
2023,CLE,0.4117647058823529
2023,DAL,0.7058823529411765
2023,DEN,0.29411764705882354
2023,DET,0.5294117647058824
2023,GB,0.47058823529411764
2023,HOU,0.20588235294117646
2023,IND,0.2647058823529412
2023,JAX,0.5294117647058824
2023,KC,0.8235294117647058
2023,LAC,0.5882352941176471
2023,LAR,0.29411764705882354
2023,LV,0.35294117647058826
2023,MIA,0.5294117647058824
2023,MIN,0.7647058823529411
2023,NE,0.47058823529411764
2023,NO,0.4117647058823529
2023,NYG,0.5588235294117647
2023,NYJ,0.4117647058823529
2023,PHI,0.8235294117647058
2023,PIT,0.5294117647058824
2023,SEA,0.5294117647058824
2023,SF,0.7647058823529411
2023,TB,0.47058823529411764
2023,TEN,0.4117647058823529
2023,WSH,0.5
2024,ARI,0.23529411764705882
2024,ATL,0.4117647058823529
2024,BAL,0.7647058823529411
2024,BUF,0.6470588235294118
2024,CAR,0.11764705882352941
2024,CHI,0.4117647058823529
2024,CIN,0.5294117647058824
2024,CLE,0.6470588235294118
2024,DAL,0.7058823529411765
2024,DEN,0.47058823529411764
2024,DET,0.7058823529411765
2024,GB,0.5294117647058824
2024,HOU,0.5882352941176471
2024,IND,0.5294117647058824
2024,JAX,0.5294117647058824
2024,KC,0.6470588235294118
2024,LAC,0.29411764705882354
2024,LAR,0.5882352941176471
2024,LV,0.47058823529411764
2024,MIA,0.6470588235294118
2024,MIN,0.4117647058823529
2024,NE,0.23529411764705882
2024,NO,0.5294117647058824
2024,NYG,0.35294117647058826
2024,NYJ,0.4117647058823529
2024,PHI,0.6470588235294118
2024,PIT,0.5882352941176471
2024,SEA,0.5294117647058824
2024,SF,0.7058823529411765
2024,TB,0.5294117647058824
2024,TEN,0.35294117647058826
2024,WSH,0.23529411764705882
2025,ARI,0.47058823529411764
2025,ATL,0.47058823529411764
2025,BAL,0.7058823529411765
2025,BUF,0.7647058823529411
2025,CAR,0.29411764705882354
2025,CHI,0.29411764705882354
2025,CIN,0.5294117647058824
2025,CLE,0.17647058823529413
2025,DAL,0.4117647058823529
2025,DEN,0.5882352941176471
2025,DET,0.8823529411764706
2025,GB,0.6470588235294118
2025,HOU,0.5882352941176471
2025,IND,0.47058823529411764
2025,JAX,0.23529411764705882
2025,KC,0.8823529411764706
2025,LAC,0.6470588235294118
2025,LAR,0.5882352941176471
2025,LV,0.23529411764705882
2025,MIA,0.47058823529411764
2025,MIN,0.8235294117647058
2025,NE,0.23529411764705882
2025,NO,0.29411764705882354
2025,NYG,0.17647058823529413
2025,NYJ,0.29411764705882354
2025,PHI,0.8235294117647058
2025,PIT,0.5882352941176471
2025,SEA,0.5882352941176471
2025,SF,0.35294117647058826
2025,TB,0.5882352941176471
2025,TEN,0.17647058823529413
2025,WSH,0.7058823529411765
2026,ARI,0.17647058823529413
2026,ATL,0.47058823529411764
2026,BAL,0.47058823529411764
2026,BUF,0.7058823529411765
2026,CAR,0.47058823529411764
2026,CHI,0.6470588235294118
2026,CIN,0.35294117647058826
2026,CLE,0.29411764705882354
2026,DAL,0.4411764705882353
2026,DEN,0.8235294117647058
2026,DET,0.5294117647058824
2026,GB,0.5588235294117647
2026,HOU,0.7058823529411765
2026,IND,0.47058823529411764
2026,JAX,0.7647058823529411
2026,KC,0.35294117647058826
2026,LAC,0.6470588235294118
2026,LAR,0.7058823529411765
2026,LV,0.17647058823529413
2026,MIA,0.4117647058823529
2026,MIN,0.5294117647058824
2026,NE,0.8235294117647058
2026,NO,0.35294117647058826
2026,NYG,0.23529411764705882
2026,NYJ,0.17647058823529413
2026,PHI,0.6470588235294118
2026,PIT,0.5882352941176471
2026,SEA,0.8235294117647058
2026,SF,0.7058823529411765
2026,TB,0.47058823529411764
2026,TEN,0.17647058823529413
2026,WSH,0.29411764705882354
